{"cameraMode":{"drawMode":0,"name":"Shaded","section":"Shading Mode"},"sceneLighting":true,"audioPlay":false,"sceneViewState":{"showFog":true,"showMaterialUpdate":false,"showSkybox":true,"showFlares":true,"showImageEffects":true,"showParticleSystems":true},"in2DMode":false,"pivot":{"x":-0.8168601989746094,"y":0.5526069402694702,"z":0.6110055446624756},"rotation":{"x":0.00952144991606474,"y":0.8082985281944275,"z":0.013095350004732609,"w":-0.5885784029960632},"size":3.329901933670044,"orthographic":false}