{"cameraMode":{"drawMode":0,"name":"Shaded","section":"Shading Mode"},"sceneLighting":true,"audioPlay":false,"sceneViewState":{"showFog":true,"showMaterialUpdate":false,"showSkybox":true,"showFlares":true,"showImageEffects":true,"showParticleSystems":true},"in2DMode":false,"pivot":{"x":4.186649799346924,"y":24.09531021118164,"z":-13.976049423217774},"rotation":{"x":-0.21215666830539704,"y":0.39620324969291689,"z":-0.09436313062906265,"w":-0.8884479999542236},"size":45.71914291381836,"orthographic":false}