{"cameraMode":{"drawMode":0,"name":"Shaded","section":"Shading Mode"},"sceneLighting":true,"audioPlay":false,"sceneViewState":{"showFog":true,"showMaterialUpdate":false,"showSkybox":true,"showFlares":true,"showImageEffects":true,"showParticleSystems":true},"in2DMode":false,"pivot":{"x":2.2562882900238039,"y":-4.759566783905029,"z":-11.234777450561524},"rotation":{"x":0.014912624843418599,"y":0.9792913198471069,"z":-0.18611495196819306,"w":0.07863271981477738},"size":15.89527416229248,"orthographic":false}