{"cameraMode":{"drawMode":0,"name":"Shaded","section":"Shading Mode"},"sceneLighting":true,"audioPlay":false,"sceneViewState":{"showFog":true,"showMaterialUpdate":false,"showSkybox":true,"showFlares":true,"showImageEffects":true,"showParticleSystems":true},"in2DMode":false,"pivot":{"x":0.19855502247810365,"y":2.14816951751709,"z":3.6851611137390138},"rotation":{"x":-0.024193719029426576,"y":0.9628270268440247,"z":-0.25284501910209658,"w":-0.09211579710245133},"size":0.9429318308830261,"orthographic":false}